PRAGMA foreign_keys = ON;

/*Piscina*/
INSERT INTO Piscina values (1, 'Banhoca', 'Praça Manuel Samuel', 100);
INSERT INTO Piscina values (2, 'Repucho', 'Rua Borges Quinteiro', 150);

/*Pessoa*/
INSERT INTO Pessoa values (1);
INSERT INTO Pessoa values (2);
INSERT INTO Pessoa values (3);
INSERT INTO Pessoa values (4);
INSERT INTO Pessoa values (5);
INSERT INTO Pessoa values (6);
INSERT INTO Pessoa values (7);
INSERT INTO Pessoa values (8);
INSERT INTO Pessoa values (9);
INSERT INTO Pessoa values (10);
INSERT INTO Pessoa values (11);
INSERT INTO Pessoa values (12);
INSERT INTO Pessoa values (13);
INSERT INTO Pessoa values (14);
INSERT INTO Pessoa values (15);
INSERT INTO Pessoa values (16);
INSERT INTO Pessoa values (17);
INSERT INTO Pessoa values (18);
INSERT INTO Pessoa values (19);
INSERT INTO Pessoa values (20);
INSERT INTO Pessoa values (21);
INSERT INTO Pessoa values (22);
INSERT INTO Pessoa values (23);
INSERT INTO Pessoa values (24);
INSERT INTO Pessoa values (25);
INSERT INTO Pessoa values (26);
INSERT INTO Pessoa values (27);
INSERT INTO Pessoa values (28);
INSERT INTO Pessoa values (29);
INSERT INTO Pessoa values (30);
INSERT INTO Pessoa values (31);
INSERT INTO Pessoa values (32);
INSERT INTO Pessoa values (33);
INSERT INTO Pessoa values (34);
INSERT INTO Pessoa values (35);
INSERT INTO Pessoa values (36);
INSERT INTO Pessoa values (37);
INSERT INTO Pessoa values (38);
INSERT INTO Pessoa values (39);
INSERT INTO Pessoa values (40);
INSERT INTO Pessoa values (41);
insert into Pessoa values (42);
insert into Pessoa values (43);
insert into Pessoa values (44);
insert into Pessoa values (45);
insert into Pessoa values (46);
insert into Pessoa values (47);
insert into Pessoa values (48);
insert into Pessoa values (49);
insert into Pessoa values (50);
insert into Pessoa values (51);
insert into Pessoa values (52);
insert into Pessoa values (53);
insert into Pessoa values (54);
insert into Pessoa values (55);
insert into Pessoa values (56);
insert into Pessoa values (57);
insert into Pessoa values (58);
insert into Pessoa values (59);
insert into Pessoa values (60);
insert into Pessoa values (61);
insert into Pessoa values (62);
insert into Pessoa values (63);
insert into Pessoa values (64);
insert into Pessoa values (65);
insert into Pessoa values (66);
insert into Pessoa values (67);
insert into Pessoa values (68);
insert into Pessoa values (69);
insert into Pessoa values (70);
insert into Pessoa values (71);
insert into Pessoa values (72);
insert into Pessoa values (73);
insert into Pessoa values (74);
insert into Pessoa values (75);
insert into Pessoa values (76);
insert into Pessoa values (77);
insert into Pessoa values (78);
insert into Pessoa values (79);
insert into Pessoa values (80);
insert into Pessoa values (81);
insert into Pessoa values (82);
insert into Pessoa values (83);
insert into Pessoa values (84);
insert into Pessoa values (85);
insert into Pessoa values (86);
insert into Pessoa values (87);
insert into Pessoa values (88);
insert into Pessoa values (89);
insert into Pessoa values (90);
insert into Pessoa values (91);
insert into Pessoa values (92);
insert into Pessoa values (93);
insert into Pessoa values (94);
insert into Pessoa values (95);
insert into Pessoa values (96);
insert into Pessoa values (97);
insert into Pessoa values (98);
insert into Pessoa values (99);
insert into Pessoa values (100);
insert into Pessoa values (101);
insert into Pessoa values (102);
insert into Pessoa values (103);
insert into Pessoa values (104);
insert into Pessoa values (105);
insert into Pessoa values (106);
insert into Pessoa values (107);
insert into Pessoa values (108);
insert into Pessoa values (109);
insert into Pessoa values (110);
insert into Pessoa values (111);
insert into Pessoa values (112);
insert into Pessoa values (113);
insert into Pessoa values (114);
insert into Pessoa values (115);
insert into Pessoa values (116);
insert into Pessoa values (117);
insert into Pessoa values (118);
insert into Pessoa values (119);

/*Cliente*/
INSERT INTO Cliente values (1, 'Anacleto Santos', 25);
INSERT INTO Cliente values (2, 'Manuel Fernandes', 15);
INSERT INTO Cliente values (3, 'Abel Salazar', 16);
INSERT INTO Cliente values (4, 'Joaquim Barroso', 21);
INSERT INTO Cliente values (5, 'Ana Joana', 28);
INSERT INTO Cliente values (6, 'Joao Coentrao', 18);
INSERT INTO Cliente values (7, 'Simao Caimao', 13);
INSERT INTO Cliente values (8, 'Jaime Pacheco', 24);
INSERT INTO Cliente values (9, 'Andre Noe', 14);
INSERT INTO Cliente values (10, 'Sandro Leandro', 22);
INSERT INTO Cliente values (11, 'Miquelina Rodrigues', 19);
INSERT INTO Cliente values (12, 'Alberta Fernandes', 20);
INSERT INTO Cliente values (13, 'Sara Lara', 21);
INSERT INTO Cliente values (14, 'Silesia Falesia', 15);
INSERT INTO Cliente values (15, 'Rodrigo Shumacher', 16);
INSERT INTO Cliente values (16, 'Miguel Rotundas', 19);
INSERT INTO Cliente values (17, 'Maria Argolas', 17);
INSERT INTO Cliente values (18, 'Ruben Diogo', 19);
INSERT INTO Cliente values (19, 'Andre Pedro', 15);
INSERT INTO Cliente values (20, 'Carlos Santana', 20);
INSERT INTO Cliente values (21, 'Alexandre Herculano', 21);
INSERT INTO Cliente values (22, 'Rui Rouxinol', 14);
INSERT INTO Cliente values (23, 'Inacio Augusto', 20);
INSERT INTO Cliente values (24, 'Rodolfo Fontes', 13);
INSERT INTO Cliente values (25, 'Pedro Guerra', 15);
INSERT INTO Cliente values (26, 'Rui Gomes', 17);
INSERT INTO Cliente values (27, 'Paulo Rogerio', 24);
INSERT INTO Cliente values (28, 'Helena Massena', 22);
INSERT INTO Cliente values (29, 'Tito Ventura', 18);
INSERT INTO Cliente values (30, 'Jorge Palma', 25);
INSERT INTO Cliente values (31, 'Lawrence Marshall', 73);
INSERT INTO Cliente values (32, 'Alan Pierce', 53);
INSERT INTO Cliente values (33, 'Lisa Jones', 53);
INSERT INTO Cliente values (34, 'Fred Williams', 12);
INSERT INTO Cliente values (35, 'Steve Nichols', 92);
INSERT INTO Cliente values (36, 'Shirley Coleman', 11);
INSERT INTO Cliente values (37, 'Ruby Gilbert', 15);
INSERT INTO Cliente values (38, 'Wanda Bell', 16);
INSERT INTO Cliente values (39, 'Earl Hall', 57);
INSERT INTO Cliente values (40, 'Phyllis Ward', 61);
INSERT INTO Cliente values (41, 'Matthew West', 61);
INSERT INTO Cliente values (42, 'Paula Bradley', 42);
INSERT INTO Cliente values (43, 'Arthur Wilson', 38);
INSERT INTO Cliente values (44, 'Emily Davis', 21);
INSERT INTO Cliente values (45, 'Janice Kelley', 79);
INSERT INTO Cliente values (46, 'Janet Grant', 21);
INSERT INTO Cliente values (47, 'Larry Martinez', 96);
INSERT INTO Cliente values (48, 'Carol Cole', 17);
INSERT INTO Cliente values (49, 'Annie Hamilton', 25);
INSERT INTO Cliente values (50, 'Jane Hall', 18);
INSERT INTO Cliente values (51, 'Alice Arnold', 10);
INSERT INTO Cliente values (52, 'Charles Mitchell', 15);
INSERT INTO Cliente values (53, 'Benjamin Gibson', 53);
INSERT INTO Cliente values (54, 'Richard Reed', 31);
INSERT INTO Cliente values (55, 'Jeffrey Ramirez', 52);
INSERT INTO Cliente values (56, 'Dorothy Alexander', 52);
INSERT INTO Cliente values (57, 'Russell Hayes', 81);
INSERT INTO Cliente values (58, 'Walter Price', 28);
INSERT INTO Cliente values (59, 'Adam Perry', 69);
INSERT INTO Cliente values (60, 'Wayne Richardson', 44);
INSERT INTO Cliente values (61, 'Beverly Oliver', 45);
INSERT INTO Cliente values (62, 'Diana Ray', 71);
INSERT INTO Cliente values (63, 'Ralph Cooper', 80);
INSERT INTO Cliente values (64, 'Richard Arnold', 42);
INSERT INTO Cliente values (65, 'Thomas Washington', 34);
INSERT INTO Cliente values (66, 'Martin Jordan', 88);
INSERT INTO Cliente values (67, 'Betty Jenkins', 97);
INSERT INTO Cliente values (68, 'Bonnie Carr', 24);
INSERT INTO Cliente values (69, 'Jeffrey Mendoza', 96);
INSERT INTO Cliente values (70, 'Eric Smith', 65);
INSERT INTO Cliente values (71, 'Kathryn Hernandez', 64);
INSERT INTO Cliente values (72, 'Philip Grant', 43);
INSERT INTO Cliente values (73, 'Deborah Howard', 61);
INSERT INTO Cliente values (74, 'Keith Chavez', 100);
INSERT INTO Cliente values (75, 'Linda Franklin', 56);
INSERT INTO Cliente values (76, 'Phillip Green', 96);
INSERT INTO Cliente values (77, 'Stephen Lee', 11);
INSERT INTO Cliente values (78, 'Doris Bennett', 80);
INSERT INTO Cliente values (79, 'Kathy Butler', 26);
INSERT INTO Cliente values (80, 'Larry Martin', 78);
INSERT INTO Cliente values (81, 'Ruth Owens', 97);
INSERT INTO Cliente values (82, 'Martha Duncan', 71);
INSERT INTO Cliente values (83, 'Sara Jones', 40);
INSERT INTO Cliente values (84, 'James Morales', 88);
INSERT INTO Cliente values (85, 'Jeffrey Murphy', 41);
INSERT INTO Cliente values (86, 'Donald Lawrence', 62);
INSERT INTO Cliente values (87, 'Paul Hamilton', 26);
INSERT INTO Cliente values (88, 'Brandon King', 22);
INSERT INTO Cliente values (89, 'Evelyn Edwards', 83);
INSERT INTO Cliente values (90, 'Rebecca Roberts', 66);
INSERT INTO Cliente values (91, 'Gerald Scott', 76);
INSERT INTO Cliente values (92, 'Martin Weaver', 67);
INSERT INTO Cliente values (93, 'Sarah Burton', 70);
INSERT INTO Cliente values (94, 'Brian Medina', 16);
INSERT INTO Cliente values (95, 'Phillip Wood', 35);
INSERT INTO Cliente values (96, 'Earl Lee', 14);
INSERT INTO Cliente values (97, 'James Perkins', 14);
INSERT INTO Cliente values (98, 'Phyllis Andrews', 85);
INSERT INTO Cliente values (99, 'Patrick Ortiz', 55);
INSERT INTO Cliente values (100, 'Nicole Harris', 83);
INSERT INTO Cliente values (119, 'Shawn Nichols', 69);


/*Funcionario*/
INSERT INTO Funcionario values (101);
INSERT INTO Funcionario values (102);
INSERT INTO Funcionario values (103);
INSERT INTO Funcionario values (104);

INSERT INTO Funcionario values (105);
INSERT INTO Funcionario values (106);
INSERT INTO Funcionario values (107);
INSERT INTO Funcionario values (108);

INSERT INTO Funcionario values (109);
INSERT INTO Funcionario values (110);
INSERT INTO Funcionario values (111);
INSERT INTO Funcionario values (112);
INSERT INTO Funcionario values (113);

INSERT INTO Funcionario values (114);
INSERT INTO Funcionario values (115);
INSERT INTO Funcionario values (116);
INSERT INTO Funcionario values (117);
INSERT INTO Funcionario values (118);

/*Professor*/
INSERT INTO Professor values (101, 'Rui Mariposa', 5000);
INSERT INTO Professor values (102, 'Beatriz Melo', 500);
INSERT INTO Professor values (103, 'Joao Santos', 600);
INSERT INTO Professor values (104, 'Brian Washington', 745);

INSERT INTO Professor values (105, 'Kathleen Kelly', 539);
INSERT INTO Professor values (106, 'Shawn Nichols', 761);
INSERT INTO Professor values (107, 'Sara Nichols', 614);
INSERT INTO Professor values (108, 'Nicholas Kennedy', 934);


/*Empregado*/
INSERT INTO Empregado values (109, 'Joao Cena', 500);
INSERT INTO Empregado values (110, 'Triplo H', 600);
INSERT INTO Empregado values (111, 'Joao Micael', 500);
INSERT INTO Empregado values (112, 'Rei Misterio', 619);
INSERT INTO Empregado values (113, 'Nelson Silva', 500);

INSERT INTO Empregado values (114, 'Roberto Leal', 600);
INSERT INTO Empregado values (115, 'John Andrew', 500);
INSERT INTO Empregado values (116, 'Elvas Barreto', 619);
INSERT INTO Empregado values (117, 'Rui Mendes', 600);
INSERT INTO Empregado values (118, 'Fernando Alvim', 714);

/*Funcao*/
INSERT INTO Funcao values (1, 'Auxiliar de Limpeza');
INSERT INTO Funcao values (2, 'Tratador Piscina');
INSERT INTO Funcao values (3, 'Bilheteira');
INSERT INTO Funcao values (4, 'Nadador Salvador');

/*Item*/
INSERT INTO Item values (00001, 'barbatanas', 19);
INSERT INTO Item values (00002, 'barbatanas', 20);
INSERT INTO Item values (00003, 'boia', 5);
INSERT INTO Item values (00004, 'boia', 7);
INSERT INTO Item values (00005, 'bracadeiras', 4);
INSERT INTO Item values (00006, 'touca', 3);
INSERT INTO Item values (00013, 'touca', 3);
INSERT INTO Item values (00007, 'oculos', 10);
INSERT INTO Item values (00008, 'oculos', 2);
INSERT INTO Item values (00014, 'oculos', 2);
INSERT INTO Item values (00009, 'fato-de-banho', 15);
INSERT INTO Item values (00010, 'fato-de-banho', 15);
INSERT INTO Item values (00011, 'chinelos', 6);
INSERT INTO Item values (00012, 'placa', 3);
INSERT INTO Item values (00015, 'placa', 3);
INSERT INTO Item values (00016, 'boia chourico', 5);

/*ItemUtilizacao*/
INSERT INTO ItemUtilizacao values (00005, 4);

INSERT INTO ItemUtilizacao values (00006, 2);
INSERT INTO ItemUtilizacao values (00013, 3);

INSERT INTO ItemUtilizacao values (00008, 1);
INSERT INTO ItemUtilizacao values (00014, 3);

INSERT INTO ItemUtilizacao values (00012, 4);
INSERT INTO ItemUtilizacao values (00015, 5);

INSERT INTO ItemUtilizacao values (00016, 4);

/*ItemVenda*/
INSERT INTO ItemVenda values (00001, 23);
INSERT INTO ItemVenda values (00002, 25);
INSERT INTO ItemVenda values (00003, 8);
INSERT INTO ItemVenda values (00004, 11);
INSERT INTO ItemVenda values (00007, 17);
INSERT INTO ItemVenda values (00009, 22);
INSERT INTO ItemVenda values (00010, 22);
INSERT INTO ItemVenda values (00011, 10);

/*Fornecedor*/
INSERT INTO Fornecedor values (917784688);
INSERT INTO Fornecedor values (937544865);

/*Loja*/
INSERT INTO Loja values (1, 'Loja Salpico', '10:00', '18:00', 1);
INSERT INTO Loja values (2, 'Loja Esguicho', '08:30', '17:30', 2);

/*Ocorrencia*/
INSERT INTO Ocorrencia values (1, '9:30', '11:30', 'Segunda');
INSERT INTO Ocorrencia values (2, '14:00', '16:00', 'Segunda');
INSERT INTO Ocorrencia values (3, '16:30', '18:30', 'Segunda');

INSERT INTO Ocorrencia values (4, '10:00', '12:00', 'Terca');
INSERT INTO Ocorrencia values (5, '15:30', '17:30', 'Terca');
INSERT INTO Ocorrencia values (6, '18:00', '19:30', 'Terca');

INSERT INTO Ocorrencia values (7, '9:00', '10:30', 'Quarta');
INSERT INTO Ocorrencia values (8, '10:30', '12:30', 'Quarta');
INSERT INTO Ocorrencia values (9, '14:30', '16:30', 'Quarta');

INSERT INTO Ocorrencia values (10, '8:30', '10:00', 'Quinta');
INSERT INTO Ocorrencia values (11, '10:30', '12:00', 'Quinta');
INSERT INTO Ocorrencia values (12, '16:30', '17:30', 'Quinta');

INSERT INTO Ocorrencia values (13, '9:30', '11:30', 'Sexta');
INSERT INTO Ocorrencia values (14, '13:30', '15:30', 'Sexta');
INSERT INTO Ocorrencia values (15, '16:30', '18:30', 'Sexta');

/*Aula*/
INSERT INTO Aula values (1);
INSERT INTO Aula values (2);
INSERT INTO Aula values (3);
INSERT INTO Aula values (4);
INSERT INTO Aula values (5);
INSERT INTO Aula values (7);
INSERT INTO Aula values (9);
INSERT INTO Aula values (10);
INSERT INTO Aula values (12);
INSERT INTO Aula values (13);
INSERT INTO Aula values (14);

/*Modalidade*/
INSERT INTO Modalidade values ('Hidrobike', 1);
INSERT INTO Modalidade values ('Hidro Ginastica', 1);
INSERT INTO Modalidade values ('Mariposa', 1);
INSERT INTO Modalidade values ('Mariposa', 2);
INSERT INTO Modalidade values ('Brucos', 1);
INSERT INTO Modalidade values ('Brucos', 2);
INSERT INTO Modalidade values ('Brucos', 3);
INSERT INTO Modalidade values ('Crawl', 1);
INSERT INTO Modalidade values ('Crawl', 2);
INSERT INTO Modalidade values ('Costas', 1);
INSERT INTO Modalidade values ('Costas', 2);

/*Prova*/
INSERT INTO Prova values (34, 'Hidrobike', 1, '12-03-2015', 'APROVADO');
INSERT INTO Prova values (15, 'Costas', 1, '12-03-2015', 'APROVADO');
INSERT INTO Prova values (15, 'Costas', 2, '12-04-2015', 'APROVADO');
INSERT INTO Prova values (47, 'Brucos', 1, '17-01-2015', 'APROVADO');
INSERT INTO Prova values (47, 'Brucos', 2, '20-03-2015', 'REPROVADO');
INSERT INTO Prova values (87, 'Costas', 1, '04-12-2015', 'APROVADO');
INSERT INTO Prova values (57, 'Crawl', 1, '15-04-2015', 'APROVADO');
INSERT INTO Prova values (69, 'Hidro Ginastica', 1, '16-03-2015', 'APROVADO');
INSERT INTO Prova values (91, 'Costas', 1, '12-03-2016', 'APROVADO');
INSERT INTO Prova values (91, 'Costas', 2, '04-05-2016', 'APROVADO');
INSERT INTO Prova values (42, 'Hidrobike', 1, '24-06-2015', 'APROVADO');
INSERT INTO Prova values (64, 'Mariposa', 1, '15-03-2015', 'APROVADO');
INSERT INTO Prova values (64, 'Mariposa', 2, '30-03-2015', 'APROVADO');
INSERT INTO Prova values (89, 'Brucos', 1, '12-03-2015', 'APROVADO');
INSERT INTO Prova values (89, 'Brucos', 2, '12-05-2015', 'APROVADO');
INSERT INTO Prova values (89, 'Brucos', 3, '12-07-2016', 'APROVADO');

/*Atende*/
insert into Atende values (1, 2);
insert into Atende values (2, 2);
insert into Atende values (3, 1);
insert into Atende values (4, 2);
insert into Atende values (5, 2);
insert into Atende values (6, 1);
insert into Atende values (7, 2);
insert into Atende values (8, 2);
insert into Atende values (9, 2);
insert into Atende values (10, 1);
insert into Atende values (11, 2);
insert into Atende values (12, 1);
insert into Atende values (13, 2);
insert into Atende values (14, 1);
insert into Atende values (15, 2);
insert into Atende values (16, 1);
insert into Atende values (17, 1);
insert into Atende values (18, 2);
insert into Atende values (19, 2);
insert into Atende values (20, 2);
insert into Atende values (21, 1);
insert into Atende values (22, 1);
insert into Atende values (23, 1);
insert into Atende values (24, 2);
insert into Atende values (25, 1);
insert into Atende values (26, 1);
insert into Atende values (27, 2);
insert into Atende values (28, 1);
insert into Atende values (29, 1);
insert into Atende values (30, 2);
insert into Atende values (31, 1);
insert into Atende values (32, 2);
insert into Atende values (33, 2);
insert into Atende values (34, 1);
insert into Atende values (35, 2);
insert into Atende values (36, 2);
insert into Atende values (37, 2);
insert into Atende values (38, 2);
insert into Atende values (39, 1);
insert into Atende values (40, 2);
insert into Atende values (41, 2);
insert into Atende values (42, 1);
insert into Atende values (43, 2);
insert into Atende values (44, 2);
insert into Atende values (45, 1);
insert into Atende values (46, 2);
insert into Atende values (47, 1);
insert into Atende values (48, 1);
insert into Atende values (49, 1);
insert into Atende values (50, 1);
insert into Atende values (51, 2);
insert into Atende values (52, 1);
insert into Atende values (53, 2);
insert into Atende values (54, 2);
insert into Atende values (55, 1);
insert into Atende values (56, 2);
insert into Atende values (57, 2);
insert into Atende values (58, 1);
insert into Atende values (59, 1);
insert into Atende values (60, 2);
insert into Atende values (61, 1);
insert into Atende values (62, 1);
insert into Atende values (63, 1);
insert into Atende values (64, 1);
insert into Atende values (65, 1);
insert into Atende values (66, 1);
insert into Atende values (67, 2);
insert into Atende values (68, 1);
insert into Atende values (69, 1);
insert into Atende values (70, 2);
insert into Atende values (71, 1);
insert into Atende values (72, 1);
insert into Atende values (73, 2);
insert into Atende values (74, 1);
insert into Atende values (75, 2);
insert into Atende values (76, 2);
insert into Atende values (77, 2);
insert into Atende values (78, 1);
insert into Atende values (79, 1);
insert into Atende values (80, 2);
insert into Atende values (81, 1);
insert into Atende values (82, 1);
insert into Atende values (83, 1);
insert into Atende values (84, 2);
insert into Atende values (85, 2);
insert into Atende values (86, 1);
insert into Atende values (87, 1);
insert into Atende values (88, 1);
insert into Atende values (89, 2);
insert into Atende values (90, 2);
insert into Atende values (91, 1);
insert into Atende values (92, 1);
insert into Atende values (93, 2);
insert into Atende values (94, 2);
insert into Atende values (95, 1);
insert into Atende values (96, 1);
insert into Atende values (97, 2);
insert into Atende values (98, 2);
insert into Atende values (99, 2);
insert into Atende values (100, 1);

/*Trabalha*/
insert into Trabalha values (101, 1);
insert into Trabalha values (102, 1);
insert into Trabalha values (103, 1);
insert into Trabalha values (104, 1);

insert into Trabalha values (105, 2);
insert into Trabalha values (106, 2);
insert into Trabalha values (107, 2);
insert into Trabalha values (108, 2);

INSERT INTO Trabalha values (109, 1);
INSERT INTO Trabalha values (110, 1);
INSERT INTO Trabalha values (111, 1);
INSERT INTO Trabalha values (112, 1);
INSERT INTO Trabalha values (113, 1);

INSERT INTO Trabalha values (114, 2);
INSERT INTO Trabalha values (115, 2);
INSERT INTO Trabalha values (116, 2);
INSERT INTO Trabalha values (117, 2);
INSERT INTO Trabalha values (118, 2);

/*Possui*/
insert into Possui values (00001, 1);
insert into Possui values (00002, 1);
insert into Possui values (00003, 1);
insert into Possui values (00004, 1);
insert into Possui values (00005, 1);
insert into Possui values (00006, 1);
insert into Possui values (00008, 1);
insert into Possui values (00012, 1);

insert into Possui values (00007, 2);
insert into Possui values (00009, 2);
insert into Possui values (00010, 2);
insert into Possui values (00011, 2);
insert into Possui values (00013, 2);
insert into Possui values (00014, 2);
insert into Possui values (00015, 2);
insert into Possui values (00016, 2);

/*Participa*/
insert into Participa values (95, 12);
insert into Participa values (42, 13);
insert into Participa values (95, 14);
insert into Participa values (15, 4);
insert into Participa values (80, 7);
insert into Participa values (75, 7);
insert into Participa values (68, 1);
insert into Participa values (22, 10);
insert into Participa values (82, 13);
insert into Participa values (17, 6);
insert into Participa values (72, 8);
insert into Participa values (80, 5);
insert into Participa values (54, 4);
insert into Participa values (49, 15);
insert into Participa values (18, 8);
insert into Participa values (95, 8);
insert into Participa values (26, 12);
insert into Participa values (93, 14);
insert into Participa values (95, 2);
insert into Participa values (44, 6);
insert into Participa values (91, 2);
insert into Participa values (9, 8);
insert into Participa values (60, 10);
insert into Participa values (5, 1);
insert into Participa values (36, 13);
insert into Participa values (55, 3);
insert into Participa values (9, 1);
insert into Participa values (43, 10);
insert into Participa values (39, 1);
insert into Participa values (9, 5);
insert into Participa values (97, 11);
insert into Participa values (37, 13);
insert into Participa values (99, 3);
insert into Participa values (15, 14);
insert into Participa values (88, 5);
insert into Participa values (59, 6);
insert into Participa values (29, 14);
insert into Participa values (81, 10);
insert into Participa values (24, 10);
insert into Participa values (72, 1);
insert into Participa values (81, 13);
insert into Participa values (47, 9);
insert into Participa values (56, 2);
insert into Participa values (60, 15);
insert into Participa values (89, 10);
insert into Participa values (81, 2);
insert into Participa values (33, 11);
insert into Participa values (17, 9);
insert into Participa values (19, 2);
insert into Participa values (21, 9);
insert into Participa values (9, 13);
insert into Participa values (56, 15);
insert into Participa values (53, 4);
insert into Participa values (29, 7);
insert into Participa values (30, 5);
insert into Participa values (36, 1);
insert into Participa values (50, 15);
insert into Participa values (51, 3);
insert into Participa values (34, 10);
insert into Participa values (50, 5);
insert into Participa values (68, 8);
insert into Participa values (89, 9);
insert into Participa values (73, 14);
insert into Participa values (27, 11);
insert into Participa values (12, 12);
insert into Participa values (97, 10);
insert into Participa values (67, 7);
insert into Participa values (48, 4);
insert into Participa values (12, 4);
insert into Participa values (64, 1);
insert into Participa values (93, 12);
insert into Participa values (92, 2);
insert into Participa values (68, 4);
insert into Participa values (73, 6);
insert into Participa values (72, 10);
insert into Participa values (28, 1);
insert into Participa values (48, 15);
insert into Participa values (34, 4);
insert into Participa values (75, 13);
insert into Participa values (11, 9);
insert into Participa values (96, 12);
insert into Participa values (31, 3);
insert into Participa values (5, 5);
insert into Participa values (81, 6);
insert into Participa values (26, 8);
insert into Participa values (15, 7);
insert into Participa values (81, 7);
insert into Participa values (76, 3);
insert into Participa values (98, 4);
insert into Participa values (1, 9);
insert into Participa values (48, 2);
insert into Participa values (48, 7);
insert into Participa values (41, 11);
insert into Participa values (97, 7);
insert into Participa values (50, 6);
insert into Participa values (1, 2);
insert into Participa values (82, 11);
insert into Participa values (54, 3);
insert into Participa values (22, 11);
insert into Participa values (32, 9);
insert into Participa values (97, 6);
insert into Participa values (1, 5);
insert into Participa values (80, 4);
insert into Participa values (12, 3);
insert into Participa values (43, 9);
insert into Participa values (19, 8);
insert into Participa values (56, 1);
insert into Participa values (22, 15);
insert into Participa values (24, 12);
insert into Participa values (99, 10);
insert into Participa values (39, 13);
insert into Participa values (20, 5);
insert into Participa values (15, 5);
insert into Participa values (48, 9);
insert into Participa values (44, 13);
insert into Participa values (42, 2);
insert into Participa values (14, 1);
insert into Participa values (11, 8);
insert into Participa values (44, 9);
insert into Participa values (15, 2);
insert into Participa values (81, 9);
insert into Participa values (99, 7);
insert into Participa values (2, 12);
insert into Participa values (60, 3);
insert into Participa values (80, 8);
insert into Participa values (73, 9);
insert into Participa values (66, 6);
insert into Participa values (88, 8);
insert into Participa values (52, 13);
insert into Participa values (93, 8);
insert into Participa values (33, 14);
insert into Participa values (39, 6);
insert into Participa values (74, 3);
insert into Participa values (70, 15);
insert into Participa values (47, 14);
insert into Participa values (11, 11);
insert into Participa values (21, 4);
insert into Participa values (27, 2);
insert into Participa values (3, 15);
insert into Participa values (81, 12);
insert into Participa values (8, 2);
insert into Participa values (76, 4);
insert into Participa values (54, 6);
insert into Participa values (24, 9);
insert into Participa values (79, 10);
insert into Participa values (36, 4);
insert into Participa values (17, 2);
insert into Participa values (41, 14);
insert into Participa values (93, 9);
insert into Participa values (93, 5);
insert into Participa values (30, 12);
insert into Participa values (9, 12);
insert into Participa values (51, 4);
insert into Participa values (100, 3);
insert into Participa values (64, 13);
insert into Participa values (21, 3);
insert into Participa values (75, 15);
insert into Participa values (14, 12);
insert into Participa values (31, 4);
insert into Participa values (90, 15);
insert into Participa values (60, 1);
insert into Participa values (64, 12);
insert into Participa values (74, 15);
insert into Participa values (86, 14);
insert into Participa values (29, 5);
insert into Participa values (31, 15);
insert into Participa values (52, 3);
insert into Participa values (75, 9);
insert into Participa values (66, 13);
insert into Participa values (67, 15);
insert into Participa values (60, 2);
insert into Participa values (13, 9);
insert into Participa values (59, 5);
insert into Participa values (75, 3);
insert into Participa values (16, 8);
insert into Participa values (87, 10);
insert into Participa values (37, 4);
insert into Participa values (73, 3);
insert into Participa values (85, 2);
insert into Participa values (42, 14);
insert into Participa values (37, 6);
insert into Participa values (61, 13);
insert into Participa values (70, 14);
insert into Participa values (100, 8);
insert into Participa values (72, 3);
insert into Participa values (40, 9);
insert into Participa values (42, 10);
insert into Participa values (30, 10);
insert into Participa values (39, 7);
insert into Participa values (71, 4);
insert into Participa values (5, 9);
insert into Participa values (100, 15);
insert into Participa values (28, 3);
insert into Participa values (24, 11);
insert into Participa values (19, 4);
insert into Participa values (30, 1);
insert into Participa values (49, 12);
insert into Participa values (49, 14);
insert into Participa values (89, 12);
insert into Participa values (85, 4);
insert into Participa values (45, 13);
insert into Participa values (100, 14);
insert into Participa values (25, 15);
insert into Participa values (87, 5);
insert into Participa values (30, 4);
insert into Participa values (26, 7);
insert into Participa values (2, 2);
insert into Participa values (15, 9);
insert into Participa values (100, 7);
insert into Participa values (56, 4);
insert into Participa values (95, 5);
insert into Participa values (16, 11);
insert into Participa values (68, 6);
insert into Participa values (25, 5);
insert into Participa values (29, 1);
insert into Participa values (45, 2);
insert into Participa values (87, 2);
insert into Participa values (63, 11);
insert into Participa values (93, 13);
insert into Participa values (73, 1);
insert into Participa values (87, 8);
insert into Participa values (89, 4);
insert into Participa values (43, 13);
insert into Participa values (99, 12);
insert into Participa values (52, 8);
insert into Participa values (69, 5);
insert into Participa values (22, 8);
insert into Participa values (83, 13);
insert into Participa values (78, 7);
insert into Participa values (88, 9);
insert into Participa values (25, 9);
insert into Participa values (20, 14);
insert into Participa values (42, 12);
insert into Participa values (45, 9);
insert into Participa values (70, 10);
insert into Participa values (82, 15);
insert into Participa values (90, 13);
insert into Participa values (16, 14);
insert into Participa values (98, 13);
insert into Participa values (18, 12);
insert into Participa values (74, 9);
insert into Participa values (78, 11);
insert into Participa values (55, 10);
insert into Participa values (65, 9);
insert into Participa values (97, 14);
insert into Participa values (61, 12);
insert into Participa values (43, 3);
insert into Participa values (42, 6);
insert into Participa values (72, 7);
insert into Participa values (57, 6);
insert into Participa values (9, 6);
insert into Participa values (41, 5);
insert into Participa values (83, 15);
insert into Participa values (88, 14);
insert into Participa values (40, 3);
insert into Participa values (34, 5);
insert into Participa values (27, 3);
insert into Participa values (85, 3);
insert into Participa values (80, 12);
insert into Participa values (87, 12);
insert into Participa values (65, 4);
insert into Participa values (71, 9);
insert into Participa values (76, 9);
insert into Participa values (53, 8);
insert into Participa values (69, 8);
insert into Participa values (76, 5);
insert into Participa values (45, 10);
insert into Participa values (32, 6);
insert into Participa values (87, 1);
insert into Participa values (25, 3);
insert into Participa values (58, 14);
insert into Participa values (30, 9);
insert into Participa values (13, 11);
insert into Participa values (80, 3);
insert into Participa values (2, 9);
insert into Participa values (79, 7);
insert into Participa values (46, 1);
insert into Participa values (23, 5);
insert into Participa values (80, 15);
insert into Participa values (62, 6);
insert into Participa values (1, 1);
insert into Participa values (10, 9);
insert into Participa values (3, 1);
insert into Participa values (89, 6);
insert into Participa values (56, 11);
insert into Participa values (2, 7);
insert into Participa values (9, 4);
insert into Participa values (59, 10);
insert into Participa values (82, 3);
insert into Participa values (26, 15);
insert into Participa values (57, 15);
insert into Participa values (33, 13);
insert into Participa values (23, 10);
insert into Participa values (77, 13);
insert into Participa values (91, 10);
insert into Participa values (35, 10);
insert into Participa values (55, 7);
insert into Participa values (84, 9);
insert into Participa values (84, 10);
insert into Participa values (67, 9);
insert into Participa values (54, 9);
insert into Participa values (62, 14);
insert into Participa values (87, 11);
insert into Participa values (6, 2);
insert into Participa values (29, 9);
insert into Participa values (87, 6);
insert into Participa values (69, 6);
insert into Participa values (61, 1);
insert into Participa values (40, 10);
insert into Participa values (100, 4);
insert into Participa values (43, 14);
insert into Participa values (50, 10);
insert into Participa values (26, 1);
insert into Participa values (98, 10);
insert into Participa values (2, 6);
insert into Participa values (7, 15);
insert into Participa values (66, 15);
insert into Participa values (12, 13);
insert into Participa values (52, 7);
insert into Participa values (10, 7);
insert into Participa values (79, 8);
insert into Participa values (89, 2);
insert into Participa values (83, 12);
insert into Participa values (50, 8);
insert into Participa values (68, 5);
insert into Participa values (58, 9);
insert into Participa values (80, 6);
insert into Participa values (34, 2);
insert into Participa values (76, 14);
insert into Participa values (30, 14);
insert into Participa values (2, 11);
insert into Participa values (86, 2);
insert into Participa values (66, 14);
insert into Participa values (24, 4);
insert into Participa values (85, 11);
insert into Participa values (26, 13);
insert into Participa values (78, 15);
insert into Participa values (14, 9);
insert into Participa values (46, 12);
insert into Participa values (34, 1);
insert into Participa values (46, 15);
insert into Participa values (6, 9);
insert into Participa values (8, 6);
insert into Participa values (47, 8);
insert into Participa values (27, 13);
insert into Participa values (95, 6);
insert into Participa values (1, 13);
insert into Participa values (25, 10);
insert into Participa values (57, 5);
insert into Participa values (14, 7);
insert into Participa values (85, 14);
insert into Participa values (7, 2);
insert into Participa values (90, 7);
insert into Participa values (11, 10);
insert into Participa values (42, 3);
insert into Participa values (64, 8);
insert into Participa values (11, 5);
insert into Participa values (74, 5);
insert into Participa values (4, 6);
insert into Participa values (6, 4);
insert into Participa values (48, 6);
insert into Participa values (23, 2);
insert into Participa values (91, 8);
insert into Participa values (55, 9);
insert into Participa values (70, 8);
insert into Participa values (41, 4);
insert into Participa values (37, 7);
insert into Participa values (83, 6);
insert into Participa values (71, 1);
insert into Participa values (43, 11);
insert into Participa values (73, 12);
insert into Participa values (77, 6);
insert into Participa values (29, 15);
insert into Participa values (32, 2);
insert into Participa values (60, 14);
insert into Participa values (30, 7);
insert into Participa values (18, 6);
insert into Participa values (84, 3);
insert into Participa values (86, 7);
insert into Participa values (71, 10);
insert into Participa values (36, 3);
insert into Participa values (10, 5);
insert into Participa values (99, 11);
insert into Participa values (96, 8);
insert into Participa values (67, 8);
insert into Participa values (61, 15);
insert into Participa values (96, 11);
insert into Participa values (76, 1);
insert into Participa values (49, 10);
insert into Participa values (80, 1);
insert into Participa values (53, 13);
insert into Participa values (17, 14);
insert into Participa values (33, 9);
insert into Participa values (30, 11);
insert into Participa values (75, 12);
insert into Participa values (22, 5);
insert into Participa values (48, 1);
insert into Participa values (16, 9);
insert into Participa values (59, 1);
insert into Participa values (33, 4);
insert into Participa values (10, 2);
insert into Participa values (5, 15);
insert into Participa values (81, 1);
insert into Participa values (79, 9);
insert into Participa values (59, 2);
insert into Participa values (1, 7);
insert into Participa values (46, 9);
insert into Participa values (47, 6);
insert into Participa values (19, 6);
insert into Participa values (66, 9);
insert into Participa values (40, 4);
insert into Participa values (73, 7);
insert into Participa values (38, 8);
insert into Participa values (12, 6);
insert into Participa values (92, 3);
insert into Participa values (14, 6);
insert into Participa values (76, 15);
insert into Participa values (52, 6);
insert into Participa values (100, 2);
insert into Participa values (90, 2);
insert into Participa values (13, 3);
insert into Participa values (47, 12);
insert into Participa values (30, 13);
insert into Participa values (99, 13);
insert into Participa values (14, 5);
insert into Participa values (86, 12);
insert into Participa values (92, 10);
insert into Participa values (83, 2);
insert into Participa values (28, 7);
insert into Participa values (5, 11);
insert into Participa values (21, 2);
insert into Participa values (23, 13);
insert into Participa values (20, 4);
insert into Participa values (36, 5);
insert into Participa values (13, 14);

/*Leciona*/
insert into Leciona values (1, 101);
insert into Leciona values (2, 107);
insert into Leciona values (3, 102);
insert into Leciona values (4, 103);
insert into Leciona values (5, 104);
insert into Leciona values (7, 105);
insert into Leciona values (9, 106);
insert into Leciona values (10, 107);
insert into Leciona values (12, 108);
insert into Leciona values (13, 108);
insert into Leciona values (14, 107);

/*AulaModalidade*/
insert into AulaModalidade values (1, 'Hidro Ginastica', 1);
insert into AulaModalidade values (2, 'Mariposa', 1);
insert into AulaModalidade values (3, 'Mariposa', 2);
insert into AulaModalidade values (4, 'Brucos', 1);
insert into AulaModalidade values (5, 'Brucos', 2);
insert into AulaModalidade values (7, 'Brucos', 3);
insert into AulaModalidade values (9, 'Crawl', 1);
insert into AulaModalidade values (10, 'Crawl', 2);
insert into AulaModalidade values (12, 'Costas', 1);
insert into AulaModalidade values (13, 'Costas', 2);
insert into AulaModalidade values (14, 'Hidrobike', 1);

/*TrabalhaLoja*/
insert into TrabalhaLoja values (109, 1);
insert into TrabalhaLoja values (110, 1);
insert into TrabalhaLoja values (111, 1);
insert into TrabalhaLoja values (112, 1);
insert into TrabalhaLoja values (113, 1);

insert into TrabalhaLoja values (114, 2);
insert into TrabalhaLoja values (115, 2);
insert into TrabalhaLoja values (116, 2);
insert into TrabalhaLoja values (117, 2);
insert into TrabalhaLoja values (118, 2);

/*Vendido*/
insert into Vendido values (00001, 1);
insert into Vendido values (00002, 1);
insert into Vendido values (00003, 1);
insert into Vendido values (00004, 1);

insert into Vendido values (00007, 2);
insert into Vendido values (00009, 2);
insert into Vendido values (00010, 2);
insert into Vendido values (00011, 2);

/*Utilizado*/
INSERT INTO Utilizado values (00005, 1);
INSERT INTO Utilizado values (00005, 5);
INSERT INTO Utilizado values (00005, 7);
INSERT INTO Utilizado values (00006, 2);
INSERT INTO Utilizado values (00006, 9);
INSERT INTO Utilizado values (00013, 3);
INSERT INTO Utilizado values (00013, 4);
INSERT INTO Utilizado values (00008, 10);
INSERT INTO Utilizado values (00014, 12);
INSERT INTO Utilizado values (00014, 13);
INSERT INTO Utilizado values (00012, 14);
INSERT INTO Utilizado values (00012, 12);
INSERT INTO Utilizado values (00015, 5);
INSERT INTO Utilizado values (00015, 9);
INSERT INTO Utilizado values (00016, 10);
INSERT INTO Utilizado values (00016, 14);

/*Fornecido*/
INSERT INTO Fornecido values (00001, 917784688);
INSERT INTO Fornecido values (00002, 937544865);
INSERT INTO Fornecido values (00003, 917784688);
INSERT INTO Fornecido values (00004, 937544865);
INSERT INTO Fornecido values (00005, 917784688);
INSERT INTO Fornecido values (00006, 937544865);
INSERT INTO Fornecido values (00013, 917784688);
INSERT INTO Fornecido values (00007, 917784688);
INSERT INTO Fornecido values (00008, 937544865);
INSERT INTO Fornecido values (00014, 917784688);
INSERT INTO Fornecido values (00009, 917784688);
INSERT INTO Fornecido values (00010, 937544865);
INSERT INTO Fornecido values (00011, 917784688);
INSERT INTO Fornecido values (00012, 937544865);
INSERT INTO Fornecido values (00015, 917784688);
INSERT INTO Fornecido values (00016, 917784688);

/*Desempenha*/
INSERT INTO Desempenha values (109, 1);
INSERT INTO Desempenha values (110, 1);
INSERT INTO Desempenha values (111, 2);
INSERT INTO Desempenha values (112, 3);
INSERT INTO Desempenha values (113, 4);

INSERT INTO Desempenha values (114, 1);
INSERT INTO Desempenha values (115, 1);
INSERT INTO Desempenha values (116, 2);
INSERT INTO Desempenha values (117, 3);
INSERT INTO Desempenha values (118, 4);
